ID_CELLA;UTM_EST;UTM_NORD
1;457000;4943000
2;461000;4943000
3;465000;4943000
4;469000;4943000
5;473000;4943000
6;477000;4943000
7;481000;4943000
8;485000;4943000
9;489000;4943000
10;493000;4943000
11;497000;4943000
12;501000;4943000
13;505000;4943000
14;509000;4943000
15;513000;4943000
16;517000;4943000
17;521000;4943000
18;525000;4943000
19;529000;4943000
20;533000;4943000
21;537000;4943000
22;541000;4943000
23;545000;4943000
24;549000;4943000
25;553000;4943000
26;557000;4943000
27;561000;4943000
28;565000;4943000
29;569000;4943000
30;573000;4943000
31;577000;4943000
32;581000;4943000
33;585000;4943000
34;589000;4943000
35;593000;4943000
36;597000;4943000
37;601000;4943000
38;605000;4943000
39;609000;4943000
40;613000;4943000
41;617000;4943000
42;621000;4943000
43;625000;4943000
44;629000;4943000
45;633000;4943000
46;637000;4943000
47;641000;4943000
48;645000;4943000
49;649000;4943000
50;653000;4943000
51;657000;4943000
52;661000;4943000
53;665000;4943000
54;669000;4943000
55;673000;4943000
56;677000;4943000
57;681000;4943000
58;685000;4943000
59;689000;4943000
60;693000;4943000
61;697000;4943000
62;457000;4947000
63;461000;4947000
64;465000;4947000
65;469000;4947000
66;473000;4947000
67;477000;4947000
68;481000;4947000
69;485000;4947000
70;489000;4947000
71;493000;4947000
72;497000;4947000
73;501000;4947000
74;505000;4947000
75;509000;4947000
76;513000;4947000
77;517000;4947000
78;521000;4947000
79;525000;4947000
80;529000;4947000
81;533000;4947000
82;537000;4947000
83;541000;4947000
84;545000;4947000
85;549000;4947000
86;553000;4947000
87;557000;4947000
88;561000;4947000
89;565000;4947000
90;569000;4947000
91;573000;4947000
92;577000;4947000
93;581000;4947000
94;585000;4947000
95;589000;4947000
96;593000;4947000
97;597000;4947000
98;601000;4947000
99;605000;4947000
100;609000;4947000
101;613000;4947000
102;617000;4947000
103;621000;4947000
104;625000;4947000
105;629000;4947000
106;633000;4947000
107;637000;4947000
108;641000;4947000
109;645000;4947000
110;649000;4947000
111;653000;4947000
112;657000;4947000
113;661000;4947000
114;665000;4947000
115;669000;4947000
116;673000;4947000
117;677000;4947000
118;681000;4947000
119;685000;4947000
120;689000;4947000
121;693000;4947000
122;697000;4947000
123;457000;4951000
124;461000;4951000
125;465000;4951000
126;469000;4951000
127;473000;4951000
128;477000;4951000
129;481000;4951000
130;485000;4951000
131;489000;4951000
132;493000;4951000
133;497000;4951000
134;501000;4951000
135;505000;4951000
136;509000;4951000
137;513000;4951000
138;517000;4951000
139;521000;4951000
140;525000;4951000
141;529000;4951000
142;533000;4951000
143;537000;4951000
144;541000;4951000
145;545000;4951000
146;549000;4951000
147;553000;4951000
148;557000;4951000
149;561000;4951000
150;565000;4951000
151;569000;4951000
152;573000;4951000
153;577000;4951000
154;581000;4951000
155;585000;4951000
156;589000;4951000
157;593000;4951000
158;597000;4951000
159;601000;4951000
160;605000;4951000
161;609000;4951000
162;613000;4951000
163;617000;4951000
164;621000;4951000
165;625000;4951000
166;629000;4951000
167;633000;4951000
168;637000;4951000
169;641000;4951000
170;645000;4951000
171;649000;4951000
172;653000;4951000
173;657000;4951000
174;661000;4951000
175;665000;4951000
176;669000;4951000
177;673000;4951000
178;677000;4951000
179;681000;4951000
180;685000;4951000
181;689000;4951000
182;693000;4951000
183;697000;4951000
184;457000;4955000
185;461000;4955000
186;465000;4955000
187;469000;4955000
188;473000;4955000
189;477000;4955000
190;481000;4955000
191;485000;4955000
192;489000;4955000
193;493000;4955000
194;497000;4955000
195;501000;4955000
196;505000;4955000
197;509000;4955000
198;513000;4955000
199;517000;4955000
200;521000;4955000
201;525000;4955000
202;529000;4955000
203;533000;4955000
204;537000;4955000
205;541000;4955000
206;545000;4955000
207;549000;4955000
208;553000;4955000
209;557000;4955000
210;561000;4955000
211;565000;4955000
212;569000;4955000
213;573000;4955000
214;577000;4955000
215;581000;4955000
216;585000;4955000
217;589000;4955000
218;593000;4955000
219;597000;4955000
220;601000;4955000
221;605000;4955000
222;609000;4955000
223;613000;4955000
224;617000;4955000
225;621000;4955000
226;625000;4955000
227;629000;4955000
228;633000;4955000
229;637000;4955000
230;641000;4955000
231;645000;4955000
232;649000;4955000
233;653000;4955000
234;657000;4955000
235;661000;4955000
236;665000;4955000
237;669000;4955000
238;673000;4955000
239;677000;4955000
240;681000;4955000
241;685000;4955000
242;689000;4955000
243;693000;4955000
244;697000;4955000
245;457000;4959000
246;461000;4959000
247;465000;4959000
248;469000;4959000
249;473000;4959000
250;477000;4959000
251;481000;4959000
252;485000;4959000
253;489000;4959000
254;493000;4959000
255;497000;4959000
256;501000;4959000
257;505000;4959000
258;509000;4959000
259;513000;4959000
260;517000;4959000
261;521000;4959000
262;525000;4959000
263;529000;4959000
264;533000;4959000
265;537000;4959000
266;541000;4959000
267;545000;4959000
268;549000;4959000
269;553000;4959000
270;557000;4959000
271;561000;4959000
272;565000;4959000
273;569000;4959000
274;573000;4959000
275;577000;4959000
276;581000;4959000
277;585000;4959000
278;589000;4959000
279;593000;4959000
280;597000;4959000
281;601000;4959000
282;605000;4959000
283;609000;4959000
284;613000;4959000
285;617000;4959000
286;621000;4959000
287;625000;4959000
288;629000;4959000
289;633000;4959000
290;637000;4959000
291;641000;4959000
292;645000;4959000
293;649000;4959000
294;653000;4959000
295;657000;4959000
296;661000;4959000
297;665000;4959000
298;669000;4959000
299;673000;4959000
300;677000;4959000
301;681000;4959000
302;685000;4959000
303;689000;4959000
304;693000;4959000
305;697000;4959000
306;457000;4963000
307;461000;4963000
308;465000;4963000
309;469000;4963000
310;473000;4963000
311;477000;4963000
312;481000;4963000
313;485000;4963000
314;489000;4963000
315;493000;4963000
316;497000;4963000
317;501000;4963000
318;505000;4963000
319;509000;4963000
320;513000;4963000
321;517000;4963000
322;521000;4963000
323;525000;4963000
324;529000;4963000
325;533000;4963000
326;537000;4963000
327;541000;4963000
328;545000;4963000
329;549000;4963000
330;553000;4963000
331;557000;4963000
332;561000;4963000
333;565000;4963000
334;569000;4963000
335;573000;4963000
336;577000;4963000
337;581000;4963000
338;585000;4963000
339;589000;4963000
340;593000;4963000
341;597000;4963000
342;601000;4963000
343;605000;4963000
344;609000;4963000
345;613000;4963000
346;617000;4963000
347;621000;4963000
348;625000;4963000
349;629000;4963000
350;633000;4963000
351;637000;4963000
352;641000;4963000
353;645000;4963000
354;649000;4963000
355;653000;4963000
356;657000;4963000
357;661000;4963000
358;665000;4963000
359;669000;4963000
360;673000;4963000
361;677000;4963000
362;681000;4963000
363;685000;4963000
364;689000;4963000
365;693000;4963000
366;697000;4963000
367;457000;4967000
368;461000;4967000
369;465000;4967000
370;469000;4967000
371;473000;4967000
372;477000;4967000
373;481000;4967000
374;485000;4967000
375;489000;4967000
376;493000;4967000
377;497000;4967000
378;501000;4967000
379;505000;4967000
380;509000;4967000
381;513000;4967000
382;517000;4967000
383;521000;4967000
384;525000;4967000
385;529000;4967000
386;533000;4967000
387;537000;4967000
388;541000;4967000
389;545000;4967000
390;549000;4967000
391;553000;4967000
392;557000;4967000
393;561000;4967000
394;565000;4967000
395;569000;4967000
396;573000;4967000
397;577000;4967000
398;581000;4967000
399;585000;4967000
400;589000;4967000
401;593000;4967000
402;597000;4967000
403;601000;4967000
404;605000;4967000
405;609000;4967000
406;613000;4967000
407;617000;4967000
408;621000;4967000
409;625000;4967000
410;629000;4967000
411;633000;4967000
412;637000;4967000
413;641000;4967000
414;645000;4967000
415;649000;4967000
416;653000;4967000
417;657000;4967000
418;661000;4967000
419;665000;4967000
420;669000;4967000
421;673000;4967000
422;677000;4967000
423;681000;4967000
424;685000;4967000
425;689000;4967000
426;693000;4967000
427;697000;4967000
428;457000;4971000
429;461000;4971000
430;465000;4971000
431;469000;4971000
432;473000;4971000
433;477000;4971000
434;481000;4971000
435;485000;4971000
436;489000;4971000
437;493000;4971000
438;497000;4971000
439;501000;4971000
440;505000;4971000
441;509000;4971000
442;513000;4971000
443;517000;4971000
444;521000;4971000
445;525000;4971000
446;529000;4971000
447;533000;4971000
448;537000;4971000
449;541000;4971000
450;545000;4971000
451;549000;4971000
452;553000;4971000
453;557000;4971000
454;561000;4971000
455;565000;4971000
456;569000;4971000
457;573000;4971000
458;577000;4971000
459;581000;4971000
460;585000;4971000
461;589000;4971000
462;593000;4971000
463;597000;4971000
464;601000;4971000
465;605000;4971000
466;609000;4971000
467;613000;4971000
468;617000;4971000
469;621000;4971000
470;625000;4971000
471;629000;4971000
472;633000;4971000
473;637000;4971000
474;641000;4971000
475;645000;4971000
476;649000;4971000
477;653000;4971000
478;657000;4971000
479;661000;4971000
480;665000;4971000
481;669000;4971000
482;673000;4971000
483;677000;4971000
484;681000;4971000
485;685000;4971000
486;689000;4971000
487;693000;4971000
488;697000;4971000
489;457000;4975000
490;461000;4975000
491;465000;4975000
492;469000;4975000
493;473000;4975000
494;477000;4975000
495;481000;4975000
496;485000;4975000
497;489000;4975000
498;493000;4975000
499;497000;4975000
500;501000;4975000
501;505000;4975000
502;509000;4975000
503;513000;4975000
504;517000;4975000
505;521000;4975000
506;525000;4975000
507;529000;4975000
508;533000;4975000
509;537000;4975000
510;541000;4975000
511;545000;4975000
512;549000;4975000
513;553000;4975000
514;557000;4975000
515;561000;4975000
516;565000;4975000
517;569000;4975000
518;573000;4975000
519;577000;4975000
520;581000;4975000
521;585000;4975000
522;589000;4975000
523;593000;4975000
524;597000;4975000
525;601000;4975000
526;605000;4975000
527;609000;4975000
528;613000;4975000
529;617000;4975000
530;621000;4975000
531;625000;4975000
532;629000;4975000
533;633000;4975000
534;637000;4975000
535;641000;4975000
536;645000;4975000
537;649000;4975000
538;653000;4975000
539;657000;4975000
540;661000;4975000
541;665000;4975000
542;669000;4975000
543;673000;4975000
544;677000;4975000
545;681000;4975000
546;685000;4975000
547;689000;4975000
548;693000;4975000
549;697000;4975000
550;457000;4979000
551;461000;4979000
552;465000;4979000
553;469000;4979000
554;473000;4979000
555;477000;4979000
556;481000;4979000
557;485000;4979000
558;489000;4979000
559;493000;4979000
560;497000;4979000
561;501000;4979000
562;505000;4979000
563;509000;4979000
564;513000;4979000
565;517000;4979000
566;521000;4979000
567;525000;4979000
568;529000;4979000
569;533000;4979000
570;537000;4979000
571;541000;4979000
572;545000;4979000
573;549000;4979000
574;553000;4979000
575;557000;4979000
576;561000;4979000
577;565000;4979000
578;569000;4979000
579;573000;4979000
580;577000;4979000
581;581000;4979000
582;585000;4979000
583;589000;4979000
584;593000;4979000
585;597000;4979000
586;601000;4979000
587;605000;4979000
588;609000;4979000
589;613000;4979000
590;617000;4979000
591;621000;4979000
592;625000;4979000
593;629000;4979000
594;633000;4979000
595;637000;4979000
596;641000;4979000
597;645000;4979000
598;649000;4979000
599;653000;4979000
600;657000;4979000
601;661000;4979000
602;665000;4979000
603;669000;4979000
604;673000;4979000
605;677000;4979000
606;681000;4979000
607;685000;4979000
608;689000;4979000
609;693000;4979000
610;697000;4979000
611;457000;4983000
612;461000;4983000
613;465000;4983000
614;469000;4983000
615;473000;4983000
616;477000;4983000
617;481000;4983000
618;485000;4983000
619;489000;4983000
620;493000;4983000
621;497000;4983000
622;501000;4983000
623;505000;4983000
624;509000;4983000
625;513000;4983000
626;517000;4983000
627;521000;4983000
628;525000;4983000
629;529000;4983000
630;533000;4983000
631;537000;4983000
632;541000;4983000
633;545000;4983000
634;549000;4983000
635;553000;4983000
636;557000;4983000
637;561000;4983000
638;565000;4983000
639;569000;4983000
640;573000;4983000
641;577000;4983000
642;581000;4983000
643;585000;4983000
644;589000;4983000
645;593000;4983000
646;597000;4983000
647;601000;4983000
648;605000;4983000
649;609000;4983000
650;613000;4983000
651;617000;4983000
652;621000;4983000
653;625000;4983000
654;629000;4983000
655;633000;4983000
656;637000;4983000
657;641000;4983000
658;645000;4983000
659;649000;4983000
660;653000;4983000
661;657000;4983000
662;661000;4983000
663;665000;4983000
664;669000;4983000
665;673000;4983000
666;677000;4983000
667;681000;4983000
668;685000;4983000
669;689000;4983000
670;693000;4983000
671;697000;4983000
672;457000;4987000
673;461000;4987000
674;465000;4987000
675;469000;4987000
676;473000;4987000
677;477000;4987000
678;481000;4987000
679;485000;4987000
680;489000;4987000
681;493000;4987000
682;497000;4987000
683;501000;4987000
684;505000;4987000
685;509000;4987000
686;513000;4987000
687;517000;4987000
688;521000;4987000
689;525000;4987000
690;529000;4987000
691;533000;4987000
692;537000;4987000
693;541000;4987000
694;545000;4987000
695;549000;4987000
696;553000;4987000
697;557000;4987000
698;561000;4987000
699;565000;4987000
700;569000;4987000
701;573000;4987000
702;577000;4987000
703;581000;4987000
704;585000;4987000
705;589000;4987000
706;593000;4987000
707;597000;4987000
708;601000;4987000
709;605000;4987000
710;609000;4987000
711;613000;4987000
712;617000;4987000
713;621000;4987000
714;625000;4987000
715;629000;4987000
716;633000;4987000
717;637000;4987000
718;641000;4987000
719;645000;4987000
720;649000;4987000
721;653000;4987000
722;657000;4987000
723;661000;4987000
724;665000;4987000
725;669000;4987000
726;673000;4987000
727;677000;4987000
728;681000;4987000
729;685000;4987000
730;689000;4987000
731;693000;4987000
732;697000;4987000
733;457000;4991000
734;461000;4991000
735;465000;4991000
736;469000;4991000
737;473000;4991000
738;477000;4991000
739;481000;4991000
740;485000;4991000
741;489000;4991000
742;493000;4991000
743;497000;4991000
744;501000;4991000
745;505000;4991000
746;509000;4991000
747;513000;4991000
748;517000;4991000
749;521000;4991000
750;525000;4991000
751;529000;4991000
752;533000;4991000
753;537000;4991000
754;541000;4991000
755;545000;4991000
756;549000;4991000
757;553000;4991000
758;557000;4991000
759;561000;4991000
760;565000;4991000
761;569000;4991000
762;573000;4991000
763;577000;4991000
764;581000;4991000
765;585000;4991000
766;589000;4991000
767;593000;4991000
768;597000;4991000
769;601000;4991000
770;605000;4991000
771;609000;4991000
772;613000;4991000
773;617000;4991000
774;621000;4991000
775;625000;4991000
776;629000;4991000
777;633000;4991000
778;637000;4991000
779;641000;4991000
780;645000;4991000
781;649000;4991000
782;653000;4991000
783;657000;4991000
784;661000;4991000
785;665000;4991000
786;669000;4991000
787;673000;4991000
788;677000;4991000
789;681000;4991000
790;685000;4991000
791;689000;4991000
792;693000;4991000
793;697000;4991000
794;457000;4995000
795;461000;4995000
796;465000;4995000
797;469000;4995000
798;473000;4995000
799;477000;4995000
800;481000;4995000
801;485000;4995000
802;489000;4995000
803;493000;4995000
804;497000;4995000
805;501000;4995000
806;505000;4995000
807;509000;4995000
808;513000;4995000
809;517000;4995000
810;521000;4995000
811;525000;4995000
812;529000;4995000
813;533000;4995000
814;537000;4995000
815;541000;4995000
816;545000;4995000
817;549000;4995000
818;553000;4995000
819;557000;4995000
820;561000;4995000
821;565000;4995000
822;569000;4995000
823;573000;4995000
824;577000;4995000
825;581000;4995000
826;585000;4995000
827;589000;4995000
828;593000;4995000
829;597000;4995000
830;601000;4995000
831;605000;4995000
832;609000;4995000
833;613000;4995000
834;617000;4995000
835;621000;4995000
836;625000;4995000
837;629000;4995000
838;633000;4995000
839;637000;4995000
840;641000;4995000
841;645000;4995000
842;649000;4995000
843;653000;4995000
844;657000;4995000
845;661000;4995000
846;665000;4995000
847;669000;4995000
848;673000;4995000
849;677000;4995000
850;681000;4995000
851;685000;4995000
852;689000;4995000
853;693000;4995000
854;697000;4995000
855;457000;4999000
856;461000;4999000
857;465000;4999000
858;469000;4999000
859;473000;4999000
860;477000;4999000
861;481000;4999000
862;485000;4999000
863;489000;4999000
864;493000;4999000
865;497000;4999000
866;501000;4999000
867;505000;4999000
868;509000;4999000
869;513000;4999000
870;517000;4999000
871;521000;4999000
872;525000;4999000
873;529000;4999000
874;533000;4999000
875;537000;4999000
876;541000;4999000
877;545000;4999000
878;549000;4999000
879;553000;4999000
880;557000;4999000
881;561000;4999000
882;565000;4999000
883;569000;4999000
884;573000;4999000
885;577000;4999000
886;581000;4999000
887;585000;4999000
888;589000;4999000
889;593000;4999000
890;597000;4999000
891;601000;4999000
892;605000;4999000
893;609000;4999000
894;613000;4999000
895;617000;4999000
896;621000;4999000
897;625000;4999000
898;629000;4999000
899;633000;4999000
900;637000;4999000
901;641000;4999000
902;645000;4999000
903;649000;4999000
904;653000;4999000
905;657000;4999000
906;661000;4999000
907;665000;4999000
908;669000;4999000
909;673000;4999000
910;677000;4999000
911;681000;4999000
912;685000;4999000
913;689000;4999000
914;693000;4999000
915;697000;4999000
916;457000;5003000
917;461000;5003000
918;465000;5003000
919;469000;5003000
920;473000;5003000
921;477000;5003000
922;481000;5003000
923;485000;5003000
924;489000;5003000
925;493000;5003000
926;497000;5003000
927;501000;5003000
928;505000;5003000
929;509000;5003000
930;513000;5003000
931;517000;5003000
932;521000;5003000
933;525000;5003000
934;529000;5003000
935;533000;5003000
936;537000;5003000
937;541000;5003000
938;545000;5003000
939;549000;5003000
940;553000;5003000
941;557000;5003000
942;561000;5003000
943;565000;5003000
944;569000;5003000
945;573000;5003000
946;577000;5003000
947;581000;5003000
948;585000;5003000
949;589000;5003000
950;593000;5003000
951;597000;5003000
952;601000;5003000
953;605000;5003000
954;609000;5003000
955;613000;5003000
956;617000;5003000
957;621000;5003000
958;625000;5003000
959;629000;5003000
960;633000;5003000
961;637000;5003000
962;641000;5003000
963;645000;5003000
964;649000;5003000
965;653000;5003000
966;657000;5003000
967;661000;5003000
968;665000;5003000
969;669000;5003000
970;673000;5003000
971;677000;5003000
972;681000;5003000
973;685000;5003000
974;689000;5003000
975;693000;5003000
976;697000;5003000
977;457000;5007000
978;461000;5007000
979;465000;5007000
980;469000;5007000
981;473000;5007000
982;477000;5007000
983;481000;5007000
984;485000;5007000
985;489000;5007000
986;493000;5007000
987;497000;5007000
988;501000;5007000
989;505000;5007000
990;509000;5007000
991;513000;5007000
992;517000;5007000
993;521000;5007000
994;525000;5007000
995;529000;5007000
996;533000;5007000
997;537000;5007000
998;541000;5007000
999;545000;5007000
1000;549000;5007000
1001;553000;5007000
1002;557000;5007000
1003;561000;5007000
1004;565000;5007000
1005;569000;5007000
1006;573000;5007000
1007;577000;5007000
1008;581000;5007000
1009;585000;5007000
1010;589000;5007000
1011;593000;5007000
1012;597000;5007000
1013;601000;5007000
1014;605000;5007000
1015;609000;5007000
1016;613000;5007000
1017;617000;5007000
1018;621000;5007000
1019;625000;5007000
1020;629000;5007000
1021;633000;5007000
1022;637000;5007000
1023;641000;5007000
1024;645000;5007000
1025;649000;5007000
1026;653000;5007000
1027;657000;5007000
1028;661000;5007000
1029;665000;5007000
1030;669000;5007000
1031;673000;5007000
1032;677000;5007000
1033;681000;5007000
1034;685000;5007000
1035;689000;5007000
1036;693000;5007000
1037;697000;5007000
1038;457000;5011000
1039;461000;5011000
1040;465000;5011000
1041;469000;5011000
1042;473000;5011000
1043;477000;5011000
1044;481000;5011000
1045;485000;5011000
1046;489000;5011000
1047;493000;5011000
1048;497000;5011000
1049;501000;5011000
1050;505000;5011000
1051;509000;5011000
1052;513000;5011000
1053;517000;5011000
1054;521000;5011000
1055;525000;5011000
1056;529000;5011000
1057;533000;5011000
1058;537000;5011000
1059;541000;5011000
1060;545000;5011000
1061;549000;5011000
1062;553000;5011000
1063;557000;5011000
1064;561000;5011000
1065;565000;5011000
1066;569000;5011000
1067;573000;5011000
1068;577000;5011000
1069;581000;5011000
1070;585000;5011000
1071;589000;5011000
1072;593000;5011000
1073;597000;5011000
1074;601000;5011000
1075;605000;5011000
1076;609000;5011000
1077;613000;5011000
1078;617000;5011000
1079;621000;5011000
1080;625000;5011000
1081;629000;5011000
1082;633000;5011000
1083;637000;5011000
1084;641000;5011000
1085;645000;5011000
1086;649000;5011000
1087;653000;5011000
1088;657000;5011000
1089;661000;5011000
1090;665000;5011000
1091;669000;5011000
1092;673000;5011000
1093;677000;5011000
1094;681000;5011000
1095;685000;5011000
1096;689000;5011000
1097;693000;5011000
1098;697000;5011000
1099;457000;5015000
1100;461000;5015000
1101;465000;5015000
1102;469000;5015000
1103;473000;5015000
1104;477000;5015000
1105;481000;5015000
1106;485000;5015000
1107;489000;5015000
1108;493000;5015000
1109;497000;5015000
1110;501000;5015000
1111;505000;5015000
1112;509000;5015000
1113;513000;5015000
1114;517000;5015000
1115;521000;5015000
1116;525000;5015000
1117;529000;5015000
1118;533000;5015000
1119;537000;5015000
1120;541000;5015000
1121;545000;5015000
1122;549000;5015000
1123;553000;5015000
1124;557000;5015000
1125;561000;5015000
1126;565000;5015000
1127;569000;5015000
1128;573000;5015000
1129;577000;5015000
1130;581000;5015000
1131;585000;5015000
1132;589000;5015000
1133;593000;5015000
1134;597000;5015000
1135;601000;5015000
1136;605000;5015000
1137;609000;5015000
1138;613000;5015000
1139;617000;5015000
1140;621000;5015000
1141;625000;5015000
1142;629000;5015000
1143;633000;5015000
1144;637000;5015000
1145;641000;5015000
1146;645000;5015000
1147;649000;5015000
1148;653000;5015000
1149;657000;5015000
1150;661000;5015000
1151;665000;5015000
1152;669000;5015000
1153;673000;5015000
1154;677000;5015000
1155;681000;5015000
1156;685000;5015000
1157;689000;5015000
1158;693000;5015000
1159;697000;5015000
1160;457000;5019000
1161;461000;5019000
1162;465000;5019000
1163;469000;5019000
1164;473000;5019000
1165;477000;5019000
1166;481000;5019000
1167;485000;5019000
1168;489000;5019000
1169;493000;5019000
1170;497000;5019000
1171;501000;5019000
1172;505000;5019000
1173;509000;5019000
1174;513000;5019000
1175;517000;5019000
1176;521000;5019000
1177;525000;5019000
1178;529000;5019000
1179;533000;5019000
1180;537000;5019000
1181;541000;5019000
1182;545000;5019000
1183;549000;5019000
1184;553000;5019000
1185;557000;5019000
1186;561000;5019000
1187;565000;5019000
1188;569000;5019000
1189;573000;5019000
1190;577000;5019000
1191;581000;5019000
1192;585000;5019000
1193;589000;5019000
1194;593000;5019000
1195;597000;5019000
1196;601000;5019000
1197;605000;5019000
1198;609000;5019000
1199;613000;5019000
1200;617000;5019000
1201;621000;5019000
1202;625000;5019000
1203;629000;5019000
1204;633000;5019000
1205;637000;5019000
1206;641000;5019000
1207;645000;5019000
1208;649000;5019000
1209;653000;5019000
1210;657000;5019000
1211;661000;5019000
1212;665000;5019000
1213;669000;5019000
1214;673000;5019000
1215;677000;5019000
1216;681000;5019000
1217;685000;5019000
1218;689000;5019000
1219;693000;5019000
1220;697000;5019000
1221;457000;5023000
1222;461000;5023000
1223;465000;5023000
1224;469000;5023000
1225;473000;5023000
1226;477000;5023000
1227;481000;5023000
1228;485000;5023000
1229;489000;5023000
1230;493000;5023000
1231;497000;5023000
1232;501000;5023000
1233;505000;5023000
1234;509000;5023000
1235;513000;5023000
1236;517000;5023000
1237;521000;5023000
1238;525000;5023000
1239;529000;5023000
1240;533000;5023000
1241;537000;5023000
1242;541000;5023000
1243;545000;5023000
1244;549000;5023000
1245;553000;5023000
1246;557000;5023000
1247;561000;5023000
1248;565000;5023000
1249;569000;5023000
1250;573000;5023000
1251;577000;5023000
1252;581000;5023000
1253;585000;5023000
1254;589000;5023000
1255;593000;5023000
1256;597000;5023000
1257;601000;5023000
1258;605000;5023000
1259;609000;5023000
1260;613000;5023000
1261;617000;5023000
1262;621000;5023000
1263;625000;5023000
1264;629000;5023000
1265;633000;5023000
1266;637000;5023000
1267;641000;5023000
1268;645000;5023000
1269;649000;5023000
1270;653000;5023000
1271;657000;5023000
1272;661000;5023000
1273;665000;5023000
1274;669000;5023000
1275;673000;5023000
1276;677000;5023000
1277;681000;5023000
1278;685000;5023000
1279;689000;5023000
1280;693000;5023000
1281;697000;5023000
1282;457000;5027000
1283;461000;5027000
1284;465000;5027000
1285;469000;5027000
1286;473000;5027000
1287;477000;5027000
1288;481000;5027000
1289;485000;5027000
1290;489000;5027000
1291;493000;5027000
1292;497000;5027000
1293;501000;5027000
1294;505000;5027000
1295;509000;5027000
1296;513000;5027000
1297;517000;5027000
1298;521000;5027000
1299;525000;5027000
1300;529000;5027000
1301;533000;5027000
1302;537000;5027000
1303;541000;5027000
1304;545000;5027000
1305;549000;5027000
1306;553000;5027000
1307;557000;5027000
1308;561000;5027000
1309;565000;5027000
1310;569000;5027000
1311;573000;5027000
1312;577000;5027000
1313;581000;5027000
1314;585000;5027000
1315;589000;5027000
1316;593000;5027000
1317;597000;5027000
1318;601000;5027000
1319;605000;5027000
1320;609000;5027000
1321;613000;5027000
1322;617000;5027000
1323;621000;5027000
1324;625000;5027000
1325;629000;5027000
1326;633000;5027000
1327;637000;5027000
1328;641000;5027000
1329;645000;5027000
1330;649000;5027000
1331;653000;5027000
1332;657000;5027000
1333;661000;5027000
1334;665000;5027000
1335;669000;5027000
1336;673000;5027000
1337;677000;5027000
1338;681000;5027000
1339;685000;5027000
1340;689000;5027000
1341;693000;5027000
1342;697000;5027000
1343;457000;5031000
1344;461000;5031000
1345;465000;5031000
1346;469000;5031000
1347;473000;5031000
1348;477000;5031000
1349;481000;5031000
1350;485000;5031000
1351;489000;5031000
1352;493000;5031000
1353;497000;5031000
1354;501000;5031000
1355;505000;5031000
1356;509000;5031000
1357;513000;5031000
1358;517000;5031000
1359;521000;5031000
1360;525000;5031000
1361;529000;5031000
1362;533000;5031000
1363;537000;5031000
1364;541000;5031000
1365;545000;5031000
1366;549000;5031000
1367;553000;5031000
1368;557000;5031000
1369;561000;5031000
1370;565000;5031000
1371;569000;5031000
1372;573000;5031000
1373;577000;5031000
1374;581000;5031000
1375;585000;5031000
1376;589000;5031000
1377;593000;5031000
1378;597000;5031000
1379;601000;5031000
1380;605000;5031000
1381;609000;5031000
1382;613000;5031000
1383;617000;5031000
1384;621000;5031000
1385;625000;5031000
1386;629000;5031000
1387;633000;5031000
1388;637000;5031000
1389;641000;5031000
1390;645000;5031000
1391;649000;5031000
1392;653000;5031000
1393;657000;5031000
1394;661000;5031000
1395;665000;5031000
1396;669000;5031000
1397;673000;5031000
1398;677000;5031000
1399;681000;5031000
1400;685000;5031000
1401;689000;5031000
1402;693000;5031000
1403;697000;5031000
1404;457000;5035000
1405;461000;5035000
1406;465000;5035000
1407;469000;5035000
1408;473000;5035000
1409;477000;5035000
1410;481000;5035000
1411;485000;5035000
1412;489000;5035000
1413;493000;5035000
1414;497000;5035000
1415;501000;5035000
1416;505000;5035000
1417;509000;5035000
1418;513000;5035000
1419;517000;5035000
1420;521000;5035000
1421;525000;5035000
1422;529000;5035000
1423;533000;5035000
1424;537000;5035000
1425;541000;5035000
1426;545000;5035000
1427;549000;5035000
1428;553000;5035000
1429;557000;5035000
1430;561000;5035000
1431;565000;5035000
1432;569000;5035000
1433;573000;5035000
1434;577000;5035000
1435;581000;5035000
1436;585000;5035000
1437;589000;5035000
1438;593000;5035000
1439;597000;5035000
1440;601000;5035000
1441;605000;5035000
1442;609000;5035000
1443;613000;5035000
1444;617000;5035000
1445;621000;5035000
1446;625000;5035000
1447;629000;5035000
1448;633000;5035000
1449;637000;5035000
1450;641000;5035000
1451;645000;5035000
1452;649000;5035000
1453;653000;5035000
1454;657000;5035000
1455;661000;5035000
1456;665000;5035000
1457;669000;5035000
1458;673000;5035000
1459;677000;5035000
1460;681000;5035000
1461;685000;5035000
1462;689000;5035000
1463;693000;5035000
1464;697000;5035000
1465;457000;5039000
1466;461000;5039000
1467;465000;5039000
1468;469000;5039000
1469;473000;5039000
1470;477000;5039000
1471;481000;5039000
1472;485000;5039000
1473;489000;5039000
1474;493000;5039000
1475;497000;5039000
1476;501000;5039000
1477;505000;5039000
1478;509000;5039000
1479;513000;5039000
1480;517000;5039000
1481;521000;5039000
1482;525000;5039000
1483;529000;5039000
1484;533000;5039000
1485;537000;5039000
1486;541000;5039000
1487;545000;5039000
1488;549000;5039000
1489;553000;5039000
1490;557000;5039000
1491;561000;5039000
1492;565000;5039000
1493;569000;5039000
1494;573000;5039000
1495;577000;5039000
1496;581000;5039000
1497;585000;5039000
1498;589000;5039000
1499;593000;5039000
1500;597000;5039000
1501;601000;5039000
1502;605000;5039000
1503;609000;5039000
1504;613000;5039000
1505;617000;5039000
1506;621000;5039000
1507;625000;5039000
1508;629000;5039000
1509;633000;5039000
1510;637000;5039000
1511;641000;5039000
1512;645000;5039000
1513;649000;5039000
1514;653000;5039000
1515;657000;5039000
1516;661000;5039000
1517;665000;5039000
1518;669000;5039000
1519;673000;5039000
1520;677000;5039000
1521;681000;5039000
1522;685000;5039000
1523;689000;5039000
1524;693000;5039000
1525;697000;5039000
1526;457000;5043000
1527;461000;5043000
1528;465000;5043000
1529;469000;5043000
1530;473000;5043000
1531;477000;5043000
1532;481000;5043000
1533;485000;5043000
1534;489000;5043000
1535;493000;5043000
1536;497000;5043000
1537;501000;5043000
1538;505000;5043000
1539;509000;5043000
1540;513000;5043000
1541;517000;5043000
1542;521000;5043000
1543;525000;5043000
1544;529000;5043000
1545;533000;5043000
1546;537000;5043000
1547;541000;5043000
1548;545000;5043000
1549;549000;5043000
1550;553000;5043000
1551;557000;5043000
1552;561000;5043000
1553;565000;5043000
1554;569000;5043000
1555;573000;5043000
1556;577000;5043000
1557;581000;5043000
1558;585000;5043000
1559;589000;5043000
1560;593000;5043000
1561;597000;5043000
1562;601000;5043000
1563;605000;5043000
1564;609000;5043000
1565;613000;5043000
1566;617000;5043000
1567;621000;5043000
1568;625000;5043000
1569;629000;5043000
1570;633000;5043000
1571;637000;5043000
1572;641000;5043000
1573;645000;5043000
1574;649000;5043000
1575;653000;5043000
1576;657000;5043000
1577;661000;5043000
1578;665000;5043000
1579;669000;5043000
1580;673000;5043000
1581;677000;5043000
1582;681000;5043000
1583;685000;5043000
1584;689000;5043000
1585;693000;5043000
1586;697000;5043000
1587;457000;5047000
1588;461000;5047000
1589;465000;5047000
1590;469000;5047000
1591;473000;5047000
1592;477000;5047000
1593;481000;5047000
1594;485000;5047000
1595;489000;5047000
1596;493000;5047000
1597;497000;5047000
1598;501000;5047000
1599;505000;5047000
1600;509000;5047000
1601;513000;5047000
1602;517000;5047000
1603;521000;5047000
1604;525000;5047000
1605;529000;5047000
1606;533000;5047000
1607;537000;5047000
1608;541000;5047000
1609;545000;5047000
1610;549000;5047000
1611;553000;5047000
1612;557000;5047000
1613;561000;5047000
1614;565000;5047000
1615;569000;5047000
1616;573000;5047000
1617;577000;5047000
1618;581000;5047000
1619;585000;5047000
1620;589000;5047000
1621;593000;5047000
1622;597000;5047000
1623;601000;5047000
1624;605000;5047000
1625;609000;5047000
1626;613000;5047000
1627;617000;5047000
1628;621000;5047000
1629;625000;5047000
1630;629000;5047000
1631;633000;5047000
1632;637000;5047000
1633;641000;5047000
1634;645000;5047000
1635;649000;5047000
1636;653000;5047000
1637;657000;5047000
1638;661000;5047000
1639;665000;5047000
1640;669000;5047000
1641;673000;5047000
1642;677000;5047000
1643;681000;5047000
1644;685000;5047000
1645;689000;5047000
1646;693000;5047000
1647;697000;5047000
1648;457000;5051000
1649;461000;5051000
1650;465000;5051000
1651;469000;5051000
1652;473000;5051000
1653;477000;5051000
1654;481000;5051000
1655;485000;5051000
1656;489000;5051000
1657;493000;5051000
1658;497000;5051000
1659;501000;5051000
1660;505000;5051000
1661;509000;5051000
1662;513000;5051000
1663;517000;5051000
1664;521000;5051000
1665;525000;5051000
1666;529000;5051000
1667;533000;5051000
1668;537000;5051000
1669;541000;5051000
1670;545000;5051000
1671;549000;5051000
1672;553000;5051000
1673;557000;5051000
1674;561000;5051000
1675;565000;5051000
1676;569000;5051000
1677;573000;5051000
1678;577000;5051000
1679;581000;5051000
1680;585000;5051000
1681;589000;5051000
1682;593000;5051000
1683;597000;5051000
1684;601000;5051000
1685;605000;5051000
1686;609000;5051000
1687;613000;5051000
1688;617000;5051000
1689;621000;5051000
1690;625000;5051000
1691;629000;5051000
1692;633000;5051000
1693;637000;5051000
1694;641000;5051000
1695;645000;5051000
1696;649000;5051000
1697;653000;5051000
1698;657000;5051000
1699;661000;5051000
1700;665000;5051000
1701;669000;5051000
1702;673000;5051000
1703;677000;5051000
1704;681000;5051000
1705;685000;5051000
1706;689000;5051000
1707;693000;5051000
1708;697000;5051000
1709;457000;5055000
1710;461000;5055000
1711;465000;5055000
1712;469000;5055000
1713;473000;5055000
1714;477000;5055000
1715;481000;5055000
1716;485000;5055000
1717;489000;5055000
1718;493000;5055000
1719;497000;5055000
1720;501000;5055000
1721;505000;5055000
1722;509000;5055000
1723;513000;5055000
1724;517000;5055000
1725;521000;5055000
1726;525000;5055000
1727;529000;5055000
1728;533000;5055000
1729;537000;5055000
1730;541000;5055000
1731;545000;5055000
1732;549000;5055000
1733;553000;5055000
1734;557000;5055000
1735;561000;5055000
1736;565000;5055000
1737;569000;5055000
1738;573000;5055000
1739;577000;5055000
1740;581000;5055000
1741;585000;5055000
1742;589000;5055000
1743;593000;5055000
1744;597000;5055000
1745;601000;5055000
1746;605000;5055000
1747;609000;5055000
1748;613000;5055000
1749;617000;5055000
1750;621000;5055000
1751;625000;5055000
1752;629000;5055000
1753;633000;5055000
1754;637000;5055000
1755;641000;5055000
1756;645000;5055000
1757;649000;5055000
1758;653000;5055000
1759;657000;5055000
1760;661000;5055000
1761;665000;5055000
1762;669000;5055000
1763;673000;5055000
1764;677000;5055000
1765;681000;5055000
1766;685000;5055000
1767;689000;5055000
1768;693000;5055000
1769;697000;5055000
1770;457000;5059000
1771;461000;5059000
1772;465000;5059000
1773;469000;5059000
1774;473000;5059000
1775;477000;5059000
1776;481000;5059000
1777;485000;5059000
1778;489000;5059000
1779;493000;5059000
1780;497000;5059000
1781;501000;5059000
1782;505000;5059000
1783;509000;5059000
1784;513000;5059000
1785;517000;5059000
1786;521000;5059000
1787;525000;5059000
1788;529000;5059000
1789;533000;5059000
1790;537000;5059000
1791;541000;5059000
1792;545000;5059000
1793;549000;5059000
1794;553000;5059000
1795;557000;5059000
1796;561000;5059000
1797;565000;5059000
1798;569000;5059000
1799;573000;5059000
1800;577000;5059000
1801;581000;5059000
1802;585000;5059000
1803;589000;5059000
1804;593000;5059000
1805;597000;5059000
1806;601000;5059000
1807;605000;5059000
1808;609000;5059000
1809;613000;5059000
1810;617000;5059000
1811;621000;5059000
1812;625000;5059000
1813;629000;5059000
1814;633000;5059000
1815;637000;5059000
1816;641000;5059000
1817;645000;5059000
1818;649000;5059000
1819;653000;5059000
1820;657000;5059000
1821;661000;5059000
1822;665000;5059000
1823;669000;5059000
1824;673000;5059000
1825;677000;5059000
1826;681000;5059000
1827;685000;5059000
1828;689000;5059000
1829;693000;5059000
1830;697000;5059000
1831;457000;5063000
1832;461000;5063000
1833;465000;5063000
1834;469000;5063000
1835;473000;5063000
1836;477000;5063000
1837;481000;5063000
1838;485000;5063000
1839;489000;5063000
1840;493000;5063000
1841;497000;5063000
1842;501000;5063000
1843;505000;5063000
1844;509000;5063000
1845;513000;5063000
1846;517000;5063000
1847;521000;5063000
1848;525000;5063000
1849;529000;5063000
1850;533000;5063000
1851;537000;5063000
1852;541000;5063000
1853;545000;5063000
1854;549000;5063000
1855;553000;5063000
1856;557000;5063000
1857;561000;5063000
1858;565000;5063000
1859;569000;5063000
1860;573000;5063000
1861;577000;5063000
1862;581000;5063000
1863;585000;5063000
1864;589000;5063000
1865;593000;5063000
1866;597000;5063000
1867;601000;5063000
1868;605000;5063000
1869;609000;5063000
1870;613000;5063000
1871;617000;5063000
1872;621000;5063000
1873;625000;5063000
1874;629000;5063000
1875;633000;5063000
1876;637000;5063000
1877;641000;5063000
1878;645000;5063000
1879;649000;5063000
1880;653000;5063000
1881;657000;5063000
1882;661000;5063000
1883;665000;5063000
1884;669000;5063000
1885;673000;5063000
1886;677000;5063000
1887;681000;5063000
1888;685000;5063000
1889;689000;5063000
1890;693000;5063000
1891;697000;5063000
1892;457000;5067000
1893;461000;5067000
1894;465000;5067000
1895;469000;5067000
1896;473000;5067000
1897;477000;5067000
1898;481000;5067000
1899;485000;5067000
1900;489000;5067000
1901;493000;5067000
1902;497000;5067000
1903;501000;5067000
1904;505000;5067000
1905;509000;5067000
1906;513000;5067000
1907;517000;5067000
1908;521000;5067000
1909;525000;5067000
1910;529000;5067000
1911;533000;5067000
1912;537000;5067000
1913;541000;5067000
1914;545000;5067000
1915;549000;5067000
1916;553000;5067000
1917;557000;5067000
1918;561000;5067000
1919;565000;5067000
1920;569000;5067000
1921;573000;5067000
1922;577000;5067000
1923;581000;5067000
1924;585000;5067000
1925;589000;5067000
1926;593000;5067000
1927;597000;5067000
1928;601000;5067000
1929;605000;5067000
1930;609000;5067000
1931;613000;5067000
1932;617000;5067000
1933;621000;5067000
1934;625000;5067000
1935;629000;5067000
1936;633000;5067000
1937;637000;5067000
1938;641000;5067000
1939;645000;5067000
1940;649000;5067000
1941;653000;5067000
1942;657000;5067000
1943;661000;5067000
1944;665000;5067000
1945;669000;5067000
1946;673000;5067000
1947;677000;5067000
1948;681000;5067000
1949;685000;5067000
1950;689000;5067000
1951;693000;5067000
1952;697000;5067000
1953;457000;5071000
1954;461000;5071000
1955;465000;5071000
1956;469000;5071000
1957;473000;5071000
1958;477000;5071000
1959;481000;5071000
1960;485000;5071000
1961;489000;5071000
1962;493000;5071000
1963;497000;5071000
1964;501000;5071000
1965;505000;5071000
1966;509000;5071000
1967;513000;5071000
1968;517000;5071000
1969;521000;5071000
1970;525000;5071000
1971;529000;5071000
1972;533000;5071000
1973;537000;5071000
1974;541000;5071000
1975;545000;5071000
1976;549000;5071000
1977;553000;5071000
1978;557000;5071000
1979;561000;5071000
1980;565000;5071000
1981;569000;5071000
1982;573000;5071000
1983;577000;5071000
1984;581000;5071000
1985;585000;5071000
1986;589000;5071000
1987;593000;5071000
1988;597000;5071000
1989;601000;5071000
1990;605000;5071000
1991;609000;5071000
1992;613000;5071000
1993;617000;5071000
1994;621000;5071000
1995;625000;5071000
1996;629000;5071000
1997;633000;5071000
1998;637000;5071000
1999;641000;5071000
2000;645000;5071000
2001;649000;5071000
2002;653000;5071000
2003;657000;5071000
2004;661000;5071000
2005;665000;5071000
2006;669000;5071000
2007;673000;5071000
2008;677000;5071000
2009;681000;5071000
2010;685000;5071000
2011;689000;5071000
2012;693000;5071000
2013;697000;5071000
2014;457000;5075000
2015;461000;5075000
2016;465000;5075000
2017;469000;5075000
2018;473000;5075000
2019;477000;5075000
2020;481000;5075000
2021;485000;5075000
2022;489000;5075000
2023;493000;5075000
2024;497000;5075000
2025;501000;5075000
2026;505000;5075000
2027;509000;5075000
2028;513000;5075000
2029;517000;5075000
2030;521000;5075000
2031;525000;5075000
2032;529000;5075000
2033;533000;5075000
2034;537000;5075000
2035;541000;5075000
2036;545000;5075000
2037;549000;5075000
2038;553000;5075000
2039;557000;5075000
2040;561000;5075000
2041;565000;5075000
2042;569000;5075000
2043;573000;5075000
2044;577000;5075000
2045;581000;5075000
2046;585000;5075000
2047;589000;5075000
2048;593000;5075000
2049;597000;5075000
2050;601000;5075000
2051;605000;5075000
2052;609000;5075000
2053;613000;5075000
2054;617000;5075000
2055;621000;5075000
2056;625000;5075000
2057;629000;5075000
2058;633000;5075000
2059;637000;5075000
2060;641000;5075000
2061;645000;5075000
2062;649000;5075000
2063;653000;5075000
2064;657000;5075000
2065;661000;5075000
2066;665000;5075000
2067;669000;5075000
2068;673000;5075000
2069;677000;5075000
2070;681000;5075000
2071;685000;5075000
2072;689000;5075000
2073;693000;5075000
2074;697000;5075000
2075;457000;5079000
2076;461000;5079000
2077;465000;5079000
2078;469000;5079000
2079;473000;5079000
2080;477000;5079000
2081;481000;5079000
2082;485000;5079000
2083;489000;5079000
2084;493000;5079000
2085;497000;5079000
2086;501000;5079000
2087;505000;5079000
2088;509000;5079000
2089;513000;5079000
2090;517000;5079000
2091;521000;5079000
2092;525000;5079000
2093;529000;5079000
2094;533000;5079000
2095;537000;5079000
2096;541000;5079000
2097;545000;5079000
2098;549000;5079000
2099;553000;5079000
2100;557000;5079000
2101;561000;5079000
2102;565000;5079000
2103;569000;5079000
2104;573000;5079000
2105;577000;5079000
2106;581000;5079000
2107;585000;5079000
2108;589000;5079000
2109;593000;5079000
2110;597000;5079000
2111;601000;5079000
2112;605000;5079000
2113;609000;5079000
2114;613000;5079000
2115;617000;5079000
2116;621000;5079000
2117;625000;5079000
2118;629000;5079000
2119;633000;5079000
2120;637000;5079000
2121;641000;5079000
2122;645000;5079000
2123;649000;5079000
2124;653000;5079000
2125;657000;5079000
2126;661000;5079000
2127;665000;5079000
2128;669000;5079000
2129;673000;5079000
2130;677000;5079000
2131;681000;5079000
2132;685000;5079000
2133;689000;5079000
2134;693000;5079000
2135;697000;5079000
2136;457000;5083000
2137;461000;5083000
2138;465000;5083000
2139;469000;5083000
2140;473000;5083000
2141;477000;5083000
2142;481000;5083000
2143;485000;5083000
2144;489000;5083000
2145;493000;5083000
2146;497000;5083000
2147;501000;5083000
2148;505000;5083000
2149;509000;5083000
2150;513000;5083000
2151;517000;5083000
2152;521000;5083000
2153;525000;5083000
2154;529000;5083000
2155;533000;5083000
2156;537000;5083000
2157;541000;5083000
2158;545000;5083000
2159;549000;5083000
2160;553000;5083000
2161;557000;5083000
2162;561000;5083000
2163;565000;5083000
2164;569000;5083000
2165;573000;5083000
2166;577000;5083000
2167;581000;5083000
2168;585000;5083000
2169;589000;5083000
2170;593000;5083000
2171;597000;5083000
2172;601000;5083000
2173;605000;5083000
2174;609000;5083000
2175;613000;5083000
2176;617000;5083000
2177;621000;5083000
2178;625000;5083000
2179;629000;5083000
2180;633000;5083000
2181;637000;5083000
2182;641000;5083000
2183;645000;5083000
2184;649000;5083000
2185;653000;5083000
2186;657000;5083000
2187;661000;5083000
2188;665000;5083000
2189;669000;5083000
2190;673000;5083000
2191;677000;5083000
2192;681000;5083000
2193;685000;5083000
2194;689000;5083000
2195;693000;5083000
2196;697000;5083000
2197;457000;5087000
2198;461000;5087000
2199;465000;5087000
2200;469000;5087000
2201;473000;5087000
2202;477000;5087000
2203;481000;5087000
2204;485000;5087000
2205;489000;5087000
2206;493000;5087000
2207;497000;5087000
2208;501000;5087000
2209;505000;5087000
2210;509000;5087000
2211;513000;5087000
2212;517000;5087000
2213;521000;5087000
2214;525000;5087000
2215;529000;5087000
2216;533000;5087000
2217;537000;5087000
2218;541000;5087000
2219;545000;5087000
2220;549000;5087000
2221;553000;5087000
2222;557000;5087000
2223;561000;5087000
2224;565000;5087000
2225;569000;5087000
2226;573000;5087000
2227;577000;5087000
2228;581000;5087000
2229;585000;5087000
2230;589000;5087000
2231;593000;5087000
2232;597000;5087000
2233;601000;5087000
2234;605000;5087000
2235;609000;5087000
2236;613000;5087000
2237;617000;5087000
2238;621000;5087000
2239;625000;5087000
2240;629000;5087000
2241;633000;5087000
2242;637000;5087000
2243;641000;5087000
2244;645000;5087000
2245;649000;5087000
2246;653000;5087000
2247;657000;5087000
2248;661000;5087000
2249;665000;5087000
2250;669000;5087000
2251;673000;5087000
2252;677000;5087000
2253;681000;5087000
2254;685000;5087000
2255;689000;5087000
2256;693000;5087000
2257;697000;5087000
2258;457000;5091000
2259;461000;5091000
2260;465000;5091000
2261;469000;5091000
2262;473000;5091000
2263;477000;5091000
2264;481000;5091000
2265;485000;5091000
2266;489000;5091000
2267;493000;5091000
2268;497000;5091000
2269;501000;5091000
2270;505000;5091000
2271;509000;5091000
2272;513000;5091000
2273;517000;5091000
2274;521000;5091000
2275;525000;5091000
2276;529000;5091000
2277;533000;5091000
2278;537000;5091000
2279;541000;5091000
2280;545000;5091000
2281;549000;5091000
2282;553000;5091000
2283;557000;5091000
2284;561000;5091000
2285;565000;5091000
2286;569000;5091000
2287;573000;5091000
2288;577000;5091000
2289;581000;5091000
2290;585000;5091000
2291;589000;5091000
2292;593000;5091000
2293;597000;5091000
2294;601000;5091000
2295;605000;5091000
2296;609000;5091000
2297;613000;5091000
2298;617000;5091000
2299;621000;5091000
2300;625000;5091000
2301;629000;5091000
2302;633000;5091000
2303;637000;5091000
2304;641000;5091000
2305;645000;5091000
2306;649000;5091000
2307;653000;5091000
2308;657000;5091000
2309;661000;5091000
2310;665000;5091000
2311;669000;5091000
2312;673000;5091000
2313;677000;5091000
2314;681000;5091000
2315;685000;5091000
2316;689000;5091000
2317;693000;5091000
2318;697000;5091000
2319;457000;5095000
2320;461000;5095000
2321;465000;5095000
2322;469000;5095000
2323;473000;5095000
2324;477000;5095000
2325;481000;5095000
2326;485000;5095000
2327;489000;5095000
2328;493000;5095000
2329;497000;5095000
2330;501000;5095000
2331;505000;5095000
2332;509000;5095000
2333;513000;5095000
2334;517000;5095000
2335;521000;5095000
2336;525000;5095000
2337;529000;5095000
2338;533000;5095000
2339;537000;5095000
2340;541000;5095000
2341;545000;5095000
2342;549000;5095000
2343;553000;5095000
2344;557000;5095000
2345;561000;5095000
2346;565000;5095000
2347;569000;5095000
2348;573000;5095000
2349;577000;5095000
2350;581000;5095000
2351;585000;5095000
2352;589000;5095000
2353;593000;5095000
2354;597000;5095000
2355;601000;5095000
2356;605000;5095000
2357;609000;5095000
2358;613000;5095000
2359;617000;5095000
2360;621000;5095000
2361;625000;5095000
2362;629000;5095000
2363;633000;5095000
2364;637000;5095000
2365;641000;5095000
2366;645000;5095000
2367;649000;5095000
2368;653000;5095000
2369;657000;5095000
2370;661000;5095000
2371;665000;5095000
2372;669000;5095000
2373;673000;5095000
2374;677000;5095000
2375;681000;5095000
2376;685000;5095000
2377;689000;5095000
2378;693000;5095000
2379;697000;5095000
2380;457000;5099000
2381;461000;5099000
2382;465000;5099000
2383;469000;5099000
2384;473000;5099000
2385;477000;5099000
2386;481000;5099000
2387;485000;5099000
2388;489000;5099000
2389;493000;5099000
2390;497000;5099000
2391;501000;5099000
2392;505000;5099000
2393;509000;5099000
2394;513000;5099000
2395;517000;5099000
2396;521000;5099000
2397;525000;5099000
2398;529000;5099000
2399;533000;5099000
2400;537000;5099000
2401;541000;5099000
2402;545000;5099000
2403;549000;5099000
2404;553000;5099000
2405;557000;5099000
2406;561000;5099000
2407;565000;5099000
2408;569000;5099000
2409;573000;5099000
2410;577000;5099000
2411;581000;5099000
2412;585000;5099000
2413;589000;5099000
2414;593000;5099000
2415;597000;5099000
2416;601000;5099000
2417;605000;5099000
2418;609000;5099000
2419;613000;5099000
2420;617000;5099000
2421;621000;5099000
2422;625000;5099000
2423;629000;5099000
2424;633000;5099000
2425;637000;5099000
2426;641000;5099000
2427;645000;5099000
2428;649000;5099000
2429;653000;5099000
2430;657000;5099000
2431;661000;5099000
2432;665000;5099000
2433;669000;5099000
2434;673000;5099000
2435;677000;5099000
2436;681000;5099000
2437;685000;5099000
2438;689000;5099000
2439;693000;5099000
2440;697000;5099000
2441;457000;5103000
2442;461000;5103000
2443;465000;5103000
2444;469000;5103000
2445;473000;5103000
2446;477000;5103000
2447;481000;5103000
2448;485000;5103000
2449;489000;5103000
2450;493000;5103000
2451;497000;5103000
2452;501000;5103000
2453;505000;5103000
2454;509000;5103000
2455;513000;5103000
2456;517000;5103000
2457;521000;5103000
2458;525000;5103000
2459;529000;5103000
2460;533000;5103000
2461;537000;5103000
2462;541000;5103000
2463;545000;5103000
2464;549000;5103000
2465;553000;5103000
2466;557000;5103000
2467;561000;5103000
2468;565000;5103000
2469;569000;5103000
2470;573000;5103000
2471;577000;5103000
2472;581000;5103000
2473;585000;5103000
2474;589000;5103000
2475;593000;5103000
2476;597000;5103000
2477;601000;5103000
2478;605000;5103000
2479;609000;5103000
2480;613000;5103000
2481;617000;5103000
2482;621000;5103000
2483;625000;5103000
2484;629000;5103000
2485;633000;5103000
2486;637000;5103000
2487;641000;5103000
2488;645000;5103000
2489;649000;5103000
2490;653000;5103000
2491;657000;5103000
2492;661000;5103000
2493;665000;5103000
2494;669000;5103000
2495;673000;5103000
2496;677000;5103000
2497;681000;5103000
2498;685000;5103000
2499;689000;5103000
2500;693000;5103000
2501;697000;5103000
2502;457000;5107000
2503;461000;5107000
2504;465000;5107000
2505;469000;5107000
2506;473000;5107000
2507;477000;5107000
2508;481000;5107000
2509;485000;5107000
2510;489000;5107000
2511;493000;5107000
2512;497000;5107000
2513;501000;5107000
2514;505000;5107000
2515;509000;5107000
2516;513000;5107000
2517;517000;5107000
2518;521000;5107000
2519;525000;5107000
2520;529000;5107000
2521;533000;5107000
2522;537000;5107000
2523;541000;5107000
2524;545000;5107000
2525;549000;5107000
2526;553000;5107000
2527;557000;5107000
2528;561000;5107000
2529;565000;5107000
2530;569000;5107000
2531;573000;5107000
2532;577000;5107000
2533;581000;5107000
2534;585000;5107000
2535;589000;5107000
2536;593000;5107000
2537;597000;5107000
2538;601000;5107000
2539;605000;5107000
2540;609000;5107000
2541;613000;5107000
2542;617000;5107000
2543;621000;5107000
2544;625000;5107000
2545;629000;5107000
2546;633000;5107000
2547;637000;5107000
2548;641000;5107000
2549;645000;5107000
2550;649000;5107000
2551;653000;5107000
2552;657000;5107000
2553;661000;5107000
2554;665000;5107000
2555;669000;5107000
2556;673000;5107000
2557;677000;5107000
2558;681000;5107000
2559;685000;5107000
2560;689000;5107000
2561;693000;5107000
2562;697000;5107000
2563;457000;5111000
2564;461000;5111000
2565;465000;5111000
2566;469000;5111000
2567;473000;5111000
2568;477000;5111000
2569;481000;5111000
2570;485000;5111000
2571;489000;5111000
2572;493000;5111000
2573;497000;5111000
2574;501000;5111000
2575;505000;5111000
2576;509000;5111000
2577;513000;5111000
2578;517000;5111000
2579;521000;5111000
2580;525000;5111000
2581;529000;5111000
2582;533000;5111000
2583;537000;5111000
2584;541000;5111000
2585;545000;5111000
2586;549000;5111000
2587;553000;5111000
2588;557000;5111000
2589;561000;5111000
2590;565000;5111000
2591;569000;5111000
2592;573000;5111000
2593;577000;5111000
2594;581000;5111000
2595;585000;5111000
2596;589000;5111000
2597;593000;5111000
2598;597000;5111000
2599;601000;5111000
2600;605000;5111000
2601;609000;5111000
2602;613000;5111000
2603;617000;5111000
2604;621000;5111000
2605;625000;5111000
2606;629000;5111000
2607;633000;5111000
2608;637000;5111000
2609;641000;5111000
2610;645000;5111000
2611;649000;5111000
2612;653000;5111000
2613;657000;5111000
2614;661000;5111000
2615;665000;5111000
2616;669000;5111000
2617;673000;5111000
2618;677000;5111000
2619;681000;5111000
2620;685000;5111000
2621;689000;5111000
2622;693000;5111000
2623;697000;5111000
2624;457000;5115000
2625;461000;5115000
2626;465000;5115000
2627;469000;5115000
2628;473000;5115000
2629;477000;5115000
2630;481000;5115000
2631;485000;5115000
2632;489000;5115000
2633;493000;5115000
2634;497000;5115000
2635;501000;5115000
2636;505000;5115000
2637;509000;5115000
2638;513000;5115000
2639;517000;5115000
2640;521000;5115000
2641;525000;5115000
2642;529000;5115000
2643;533000;5115000
2644;537000;5115000
2645;541000;5115000
2646;545000;5115000
2647;549000;5115000
2648;553000;5115000
2649;557000;5115000
2650;561000;5115000
2651;565000;5115000
2652;569000;5115000
2653;573000;5115000
2654;577000;5115000
2655;581000;5115000
2656;585000;5115000
2657;589000;5115000
2658;593000;5115000
2659;597000;5115000
2660;601000;5115000
2661;605000;5115000
2662;609000;5115000
2663;613000;5115000
2664;617000;5115000
2665;621000;5115000
2666;625000;5115000
2667;629000;5115000
2668;633000;5115000
2669;637000;5115000
2670;641000;5115000
2671;645000;5115000
2672;649000;5115000
2673;653000;5115000
2674;657000;5115000
2675;661000;5115000
2676;665000;5115000
2677;669000;5115000
2678;673000;5115000
2679;677000;5115000
2680;681000;5115000
2681;685000;5115000
2682;689000;5115000
2683;693000;5115000
2684;697000;5115000
2685;457000;5119000
2686;461000;5119000
2687;465000;5119000
2688;469000;5119000
2689;473000;5119000
2690;477000;5119000
2691;481000;5119000
2692;485000;5119000
2693;489000;5119000
2694;493000;5119000
2695;497000;5119000
2696;501000;5119000
2697;505000;5119000
2698;509000;5119000
2699;513000;5119000
2700;517000;5119000
2701;521000;5119000
2702;525000;5119000
2703;529000;5119000
2704;533000;5119000
2705;537000;5119000
2706;541000;5119000
2707;545000;5119000
2708;549000;5119000
2709;553000;5119000
2710;557000;5119000
2711;561000;5119000
2712;565000;5119000
2713;569000;5119000
2714;573000;5119000
2715;577000;5119000
2716;581000;5119000
2717;585000;5119000
2718;589000;5119000
2719;593000;5119000
2720;597000;5119000
2721;601000;5119000
2722;605000;5119000
2723;609000;5119000
2724;613000;5119000
2725;617000;5119000
2726;621000;5119000
2727;625000;5119000
2728;629000;5119000
2729;633000;5119000
2730;637000;5119000
2731;641000;5119000
2732;645000;5119000
2733;649000;5119000
2734;653000;5119000
2735;657000;5119000
2736;661000;5119000
2737;665000;5119000
2738;669000;5119000
2739;673000;5119000
2740;677000;5119000
2741;681000;5119000
2742;685000;5119000
2743;689000;5119000
2744;693000;5119000
2745;697000;5119000
2746;457000;5123000
2747;461000;5123000
2748;465000;5123000
2749;469000;5123000
2750;473000;5123000
2751;477000;5123000
2752;481000;5123000
2753;485000;5123000
2754;489000;5123000
2755;493000;5123000
2756;497000;5123000
2757;501000;5123000
2758;505000;5123000
2759;509000;5123000
2760;513000;5123000
2761;517000;5123000
2762;521000;5123000
2763;525000;5123000
2764;529000;5123000
2765;533000;5123000
2766;537000;5123000
2767;541000;5123000
2768;545000;5123000
2769;549000;5123000
2770;553000;5123000
2771;557000;5123000
2772;561000;5123000
2773;565000;5123000
2774;569000;5123000
2775;573000;5123000
2776;577000;5123000
2777;581000;5123000
2778;585000;5123000
2779;589000;5123000
2780;593000;5123000
2781;597000;5123000
2782;601000;5123000
2783;605000;5123000
2784;609000;5123000
2785;613000;5123000
2786;617000;5123000
2787;621000;5123000
2788;625000;5123000
2789;629000;5123000
2790;633000;5123000
2791;637000;5123000
2792;641000;5123000
2793;645000;5123000
2794;649000;5123000
2795;653000;5123000
2796;657000;5123000
2797;661000;5123000
2798;665000;5123000
2799;669000;5123000
2800;673000;5123000
2801;677000;5123000
2802;681000;5123000
2803;685000;5123000
2804;689000;5123000
2805;693000;5123000
2806;697000;5123000
2807;457000;5127000
2808;461000;5127000
2809;465000;5127000
2810;469000;5127000
2811;473000;5127000
2812;477000;5127000
2813;481000;5127000
2814;485000;5127000
2815;489000;5127000
2816;493000;5127000
2817;497000;5127000
2818;501000;5127000
2819;505000;5127000
2820;509000;5127000
2821;513000;5127000
2822;517000;5127000
2823;521000;5127000
2824;525000;5127000
2825;529000;5127000
2826;533000;5127000
2827;537000;5127000
2828;541000;5127000
2829;545000;5127000
2830;549000;5127000
2831;553000;5127000
2832;557000;5127000
2833;561000;5127000
2834;565000;5127000
2835;569000;5127000
2836;573000;5127000
2837;577000;5127000
2838;581000;5127000
2839;585000;5127000
2840;589000;5127000
2841;593000;5127000
2842;597000;5127000
2843;601000;5127000
2844;605000;5127000
2845;609000;5127000
2846;613000;5127000
2847;617000;5127000
2848;621000;5127000
2849;625000;5127000
2850;629000;5127000
2851;633000;5127000
2852;637000;5127000
2853;641000;5127000
2854;645000;5127000
2855;649000;5127000
2856;653000;5127000
2857;657000;5127000
2858;661000;5127000
2859;665000;5127000
2860;669000;5127000
2861;673000;5127000
2862;677000;5127000
2863;681000;5127000
2864;685000;5127000
2865;689000;5127000
2866;693000;5127000
2867;697000;5127000
2868;457000;5131000
2869;461000;5131000
2870;465000;5131000
2871;469000;5131000
2872;473000;5131000
2873;477000;5131000
2874;481000;5131000
2875;485000;5131000
2876;489000;5131000
2877;493000;5131000
2878;497000;5131000
2879;501000;5131000
2880;505000;5131000
2881;509000;5131000
2882;513000;5131000
2883;517000;5131000
2884;521000;5131000
2885;525000;5131000
2886;529000;5131000
2887;533000;5131000
2888;537000;5131000
2889;541000;5131000
2890;545000;5131000
2891;549000;5131000
2892;553000;5131000
2893;557000;5131000
2894;561000;5131000
2895;565000;5131000
2896;569000;5131000
2897;573000;5131000
2898;577000;5131000
2899;581000;5131000
2900;585000;5131000
2901;589000;5131000
2902;593000;5131000
2903;597000;5131000
2904;601000;5131000
2905;605000;5131000
2906;609000;5131000
2907;613000;5131000
2908;617000;5131000
2909;621000;5131000
2910;625000;5131000
2911;629000;5131000
2912;633000;5131000
2913;637000;5131000
2914;641000;5131000
2915;645000;5131000
2916;649000;5131000
2917;653000;5131000
2918;657000;5131000
2919;661000;5131000
2920;665000;5131000
2921;669000;5131000
2922;673000;5131000
2923;677000;5131000
2924;681000;5131000
2925;685000;5131000
2926;689000;5131000
2927;693000;5131000
2928;697000;5131000
2929;457000;5135000
2930;461000;5135000
2931;465000;5135000
2932;469000;5135000
2933;473000;5135000
2934;477000;5135000
2935;481000;5135000
2936;485000;5135000
2937;489000;5135000
2938;493000;5135000
2939;497000;5135000
2940;501000;5135000
2941;505000;5135000
2942;509000;5135000
2943;513000;5135000
2944;517000;5135000
2945;521000;5135000
2946;525000;5135000
2947;529000;5135000
2948;533000;5135000
2949;537000;5135000
2950;541000;5135000
2951;545000;5135000
2952;549000;5135000
2953;553000;5135000
2954;557000;5135000
2955;561000;5135000
2956;565000;5135000
2957;569000;5135000
2958;573000;5135000
2959;577000;5135000
2960;581000;5135000
2961;585000;5135000
2962;589000;5135000
2963;593000;5135000
2964;597000;5135000
2965;601000;5135000
2966;605000;5135000
2967;609000;5135000
2968;613000;5135000
2969;617000;5135000
2970;621000;5135000
2971;625000;5135000
2972;629000;5135000
2973;633000;5135000
2974;637000;5135000
2975;641000;5135000
2976;645000;5135000
2977;649000;5135000
2978;653000;5135000
2979;657000;5135000
2980;661000;5135000
2981;665000;5135000
2982;669000;5135000
2983;673000;5135000
2984;677000;5135000
2985;681000;5135000
2986;685000;5135000
2987;689000;5135000
2988;693000;5135000
2989;697000;5135000
2990;457000;5139000
2991;461000;5139000
2992;465000;5139000
2993;469000;5139000
2994;473000;5139000
2995;477000;5139000
2996;481000;5139000
2997;485000;5139000
2998;489000;5139000
2999;493000;5139000
3000;497000;5139000
3001;501000;5139000
3002;505000;5139000
3003;509000;5139000
3004;513000;5139000
3005;517000;5139000
3006;521000;5139000
3007;525000;5139000
3008;529000;5139000
3009;533000;5139000
3010;537000;5139000
3011;541000;5139000
3012;545000;5139000
3013;549000;5139000
3014;553000;5139000
3015;557000;5139000
3016;561000;5139000
3017;565000;5139000
3018;569000;5139000
3019;573000;5139000
3020;577000;5139000
3021;581000;5139000
3022;585000;5139000
3023;589000;5139000
3024;593000;5139000
3025;597000;5139000
3026;601000;5139000
3027;605000;5139000
3028;609000;5139000
3029;613000;5139000
3030;617000;5139000
3031;621000;5139000
3032;625000;5139000
3033;629000;5139000
3034;633000;5139000
3035;637000;5139000
3036;641000;5139000
3037;645000;5139000
3038;649000;5139000
3039;653000;5139000
3040;657000;5139000
3041;661000;5139000
3042;665000;5139000
3043;669000;5139000
3044;673000;5139000
3045;677000;5139000
3046;681000;5139000
3047;685000;5139000
3048;689000;5139000
3049;693000;5139000
3050;697000;5139000
3051;457000;5143000
3052;461000;5143000
3053;465000;5143000
3054;469000;5143000
3055;473000;5143000
3056;477000;5143000
3057;481000;5143000
3058;485000;5143000
3059;489000;5143000
3060;493000;5143000
3061;497000;5143000
3062;501000;5143000
3063;505000;5143000
3064;509000;5143000
3065;513000;5143000
3066;517000;5143000
3067;521000;5143000
3068;525000;5143000
3069;529000;5143000
3070;533000;5143000
3071;537000;5143000
3072;541000;5143000
3073;545000;5143000
3074;549000;5143000
3075;553000;5143000
3076;557000;5143000
3077;561000;5143000
3078;565000;5143000
3079;569000;5143000
3080;573000;5143000
3081;577000;5143000
3082;581000;5143000
3083;585000;5143000
3084;589000;5143000
3085;593000;5143000
3086;597000;5143000
3087;601000;5143000
3088;605000;5143000
3089;609000;5143000
3090;613000;5143000
3091;617000;5143000
3092;621000;5143000
3093;625000;5143000
3094;629000;5143000
3095;633000;5143000
3096;637000;5143000
3097;641000;5143000
3098;645000;5143000
3099;649000;5143000
3100;653000;5143000
3101;657000;5143000
3102;661000;5143000
3103;665000;5143000
3104;669000;5143000
3105;673000;5143000
3106;677000;5143000
3107;681000;5143000
3108;685000;5143000
3109;689000;5143000
3110;693000;5143000
3111;697000;5143000
3112;457000;5147000
3113;461000;5147000
3114;465000;5147000
3115;469000;5147000
3116;473000;5147000
3117;477000;5147000
3118;481000;5147000
3119;485000;5147000
3120;489000;5147000
3121;493000;5147000
3122;497000;5147000
3123;501000;5147000
3124;505000;5147000
3125;509000;5147000
3126;513000;5147000
3127;517000;5147000
3128;521000;5147000
3129;525000;5147000
3130;529000;5147000
3131;533000;5147000
3132;537000;5147000
3133;541000;5147000
3134;545000;5147000
3135;549000;5147000
3136;553000;5147000
3137;557000;5147000
3138;561000;5147000
3139;565000;5147000
3140;569000;5147000
3141;573000;5147000
3142;577000;5147000
3143;581000;5147000
3144;585000;5147000
3145;589000;5147000
3146;593000;5147000
3147;597000;5147000
3148;601000;5147000
3149;605000;5147000
3150;609000;5147000
3151;613000;5147000
3152;617000;5147000
3153;621000;5147000
3154;625000;5147000
3155;629000;5147000
3156;633000;5147000
3157;637000;5147000
3158;641000;5147000
3159;645000;5147000
3160;649000;5147000
3161;653000;5147000
3162;657000;5147000
3163;661000;5147000
3164;665000;5147000
3165;669000;5147000
3166;673000;5147000
3167;677000;5147000
3168;681000;5147000
3169;685000;5147000
3170;689000;5147000
3171;693000;5147000
3172;697000;5147000
3173;457000;5151000
3174;461000;5151000
3175;465000;5151000
3176;469000;5151000
3177;473000;5151000
3178;477000;5151000
3179;481000;5151000
3180;485000;5151000
3181;489000;5151000
3182;493000;5151000
3183;497000;5151000
3184;501000;5151000
3185;505000;5151000
3186;509000;5151000
3187;513000;5151000
3188;517000;5151000
3189;521000;5151000
3190;525000;5151000
3191;529000;5151000
3192;533000;5151000
3193;537000;5151000
3194;541000;5151000
3195;545000;5151000
3196;549000;5151000
3197;553000;5151000
3198;557000;5151000
3199;561000;5151000
3200;565000;5151000
3201;569000;5151000
3202;573000;5151000
3203;577000;5151000
3204;581000;5151000
3205;585000;5151000
3206;589000;5151000
3207;593000;5151000
3208;597000;5151000
3209;601000;5151000
3210;605000;5151000
3211;609000;5151000
3212;613000;5151000
3213;617000;5151000
3214;621000;5151000
3215;625000;5151000
3216;629000;5151000
3217;633000;5151000
3218;637000;5151000
3219;641000;5151000
3220;645000;5151000
3221;649000;5151000
3222;653000;5151000
3223;657000;5151000
3224;661000;5151000
3225;665000;5151000
3226;669000;5151000
3227;673000;5151000
3228;677000;5151000
3229;681000;5151000
3230;685000;5151000
3231;689000;5151000
3232;693000;5151000
3233;697000;5151000
3234;457000;5155000
3235;461000;5155000
3236;465000;5155000
3237;469000;5155000
3238;473000;5155000
3239;477000;5155000
3240;481000;5155000
3241;485000;5155000
3242;489000;5155000
3243;493000;5155000
3244;497000;5155000
3245;501000;5155000
3246;505000;5155000
3247;509000;5155000
3248;513000;5155000
3249;517000;5155000
3250;521000;5155000
3251;525000;5155000
3252;529000;5155000
3253;533000;5155000
3254;537000;5155000
3255;541000;5155000
3256;545000;5155000
3257;549000;5155000
3258;553000;5155000
3259;557000;5155000
3260;561000;5155000
3261;565000;5155000
3262;569000;5155000
3263;573000;5155000
3264;577000;5155000
3265;581000;5155000
3266;585000;5155000
3267;589000;5155000
3268;593000;5155000
3269;597000;5155000
3270;601000;5155000
3271;605000;5155000
3272;609000;5155000
3273;613000;5155000
3274;617000;5155000
3275;621000;5155000
3276;625000;5155000
3277;629000;5155000
3278;633000;5155000
3279;637000;5155000
3280;641000;5155000
3281;645000;5155000
3282;649000;5155000
3283;653000;5155000
3284;657000;5155000
3285;661000;5155000
3286;665000;5155000
3287;669000;5155000
3288;673000;5155000
3289;677000;5155000
3290;681000;5155000
3291;685000;5155000
3292;689000;5155000
3293;693000;5155000
3294;697000;5155000
3295;457000;5159000
3296;461000;5159000
3297;465000;5159000
3298;469000;5159000
3299;473000;5159000
3300;477000;5159000
3301;481000;5159000
3302;485000;5159000
3303;489000;5159000
3304;493000;5159000
3305;497000;5159000
3306;501000;5159000
3307;505000;5159000
3308;509000;5159000
3309;513000;5159000
3310;517000;5159000
3311;521000;5159000
3312;525000;5159000
3313;529000;5159000
3314;533000;5159000
3315;537000;5159000
3316;541000;5159000
3317;545000;5159000
3318;549000;5159000
3319;553000;5159000
3320;557000;5159000
3321;561000;5159000
3322;565000;5159000
3323;569000;5159000
3324;573000;5159000
3325;577000;5159000
3326;581000;5159000
3327;585000;5159000
3328;589000;5159000
3329;593000;5159000
3330;597000;5159000
3331;601000;5159000
3332;605000;5159000
3333;609000;5159000
3334;613000;5159000
3335;617000;5159000
3336;621000;5159000
3337;625000;5159000
3338;629000;5159000
3339;633000;5159000
3340;637000;5159000
3341;641000;5159000
3342;645000;5159000
3343;649000;5159000
3344;653000;5159000
3345;657000;5159000
3346;661000;5159000
3347;665000;5159000
3348;669000;5159000
3349;673000;5159000
3350;677000;5159000
3351;681000;5159000
3352;685000;5159000
3353;689000;5159000
3354;693000;5159000
3355;697000;5159000
3356;457000;5163000
3357;461000;5163000
3358;465000;5163000
3359;469000;5163000
3360;473000;5163000
3361;477000;5163000
3362;481000;5163000
3363;485000;5163000
3364;489000;5163000
3365;493000;5163000
3366;497000;5163000
3367;501000;5163000
3368;505000;5163000
3369;509000;5163000
3370;513000;5163000
3371;517000;5163000
3372;521000;5163000
3373;525000;5163000
3374;529000;5163000
3375;533000;5163000
3376;537000;5163000
3377;541000;5163000
3378;545000;5163000
3379;549000;5163000
3380;553000;5163000
3381;557000;5163000
3382;561000;5163000
3383;565000;5163000
3384;569000;5163000
3385;573000;5163000
3386;577000;5163000
3387;581000;5163000
3388;585000;5163000
3389;589000;5163000
3390;593000;5163000
3391;597000;5163000
3392;601000;5163000
3393;605000;5163000
3394;609000;5163000
3395;613000;5163000
3396;617000;5163000
3397;621000;5163000
3398;625000;5163000
3399;629000;5163000
3400;633000;5163000
3401;637000;5163000
3402;641000;5163000
3403;645000;5163000
3404;649000;5163000
3405;653000;5163000
3406;657000;5163000
3407;661000;5163000
3408;665000;5163000
3409;669000;5163000
3410;673000;5163000
3411;677000;5163000
3412;681000;5163000
3413;685000;5163000
3414;689000;5163000
3415;693000;5163000
3416;697000;5163000
3417;457000;5167000
3418;461000;5167000
3419;465000;5167000
3420;469000;5167000
3421;473000;5167000
3422;477000;5167000
3423;481000;5167000
3424;485000;5167000
3425;489000;5167000
3426;493000;5167000
3427;497000;5167000
3428;501000;5167000
3429;505000;5167000
3430;509000;5167000
3431;513000;5167000
3432;517000;5167000
3433;521000;5167000
3434;525000;5167000
3435;529000;5167000
3436;533000;5167000
3437;537000;5167000
3438;541000;5167000
3439;545000;5167000
3440;549000;5167000
3441;553000;5167000
3442;557000;5167000
3443;561000;5167000
3444;565000;5167000
3445;569000;5167000
3446;573000;5167000
3447;577000;5167000
3448;581000;5167000
3449;585000;5167000
3450;589000;5167000
3451;593000;5167000
3452;597000;5167000
3453;601000;5167000
3454;605000;5167000
3455;609000;5167000
3456;613000;5167000
3457;617000;5167000
3458;621000;5167000
3459;625000;5167000
3460;629000;5167000
3461;633000;5167000
3462;637000;5167000
3463;641000;5167000
3464;645000;5167000
3465;649000;5167000
3466;653000;5167000
3467;657000;5167000
3468;661000;5167000
3469;665000;5167000
3470;669000;5167000
3471;673000;5167000
3472;677000;5167000
3473;681000;5167000
3474;685000;5167000
3475;689000;5167000
3476;693000;5167000
3477;697000;5167000
3478;457000;5171000
3479;461000;5171000
3480;465000;5171000
3481;469000;5171000
3482;473000;5171000
3483;477000;5171000
3484;481000;5171000
3485;485000;5171000
3486;489000;5171000
3487;493000;5171000
3488;497000;5171000
3489;501000;5171000
3490;505000;5171000
3491;509000;5171000
3492;513000;5171000
3493;517000;5171000
3494;521000;5171000
3495;525000;5171000
3496;529000;5171000
3497;533000;5171000
3498;537000;5171000
3499;541000;5171000
3500;545000;5171000
3501;549000;5171000
3502;553000;5171000
3503;557000;5171000
3504;561000;5171000
3505;565000;5171000
3506;569000;5171000
3507;573000;5171000
3508;577000;5171000
3509;581000;5171000
3510;585000;5171000
3511;589000;5171000
3512;593000;5171000
3513;597000;5171000
3514;601000;5171000
3515;605000;5171000
3516;609000;5171000
3517;613000;5171000
3518;617000;5171000
3519;621000;5171000
3520;625000;5171000
3521;629000;5171000
3522;633000;5171000
3523;637000;5171000
3524;641000;5171000
3525;645000;5171000
3526;649000;5171000
3527;653000;5171000
3528;657000;5171000
3529;661000;5171000
3530;665000;5171000
3531;669000;5171000
3532;673000;5171000
3533;677000;5171000
3534;681000;5171000
3535;685000;5171000
3536;689000;5171000
3537;693000;5171000
3538;697000;5171000
3539;457000;5175000
3540;461000;5175000
3541;465000;5175000
3542;469000;5175000
3543;473000;5175000
3544;477000;5175000
3545;481000;5175000
3546;485000;5175000
3547;489000;5175000
3548;493000;5175000
3549;497000;5175000
3550;501000;5175000
3551;505000;5175000
3552;509000;5175000
3553;513000;5175000
3554;517000;5175000
3555;521000;5175000
3556;525000;5175000
3557;529000;5175000
3558;533000;5175000
3559;537000;5175000
3560;541000;5175000
3561;545000;5175000
3562;549000;5175000
3563;553000;5175000
3564;557000;5175000
3565;561000;5175000
3566;565000;5175000
3567;569000;5175000
3568;573000;5175000
3569;577000;5175000
3570;581000;5175000
3571;585000;5175000
3572;589000;5175000
3573;593000;5175000
3574;597000;5175000
3575;601000;5175000
3576;605000;5175000
3577;609000;5175000
3578;613000;5175000
3579;617000;5175000
3580;621000;5175000
3581;625000;5175000
3582;629000;5175000
3583;633000;5175000
3584;637000;5175000
3585;641000;5175000
3586;645000;5175000
3587;649000;5175000
3588;653000;5175000
3589;657000;5175000
3590;661000;5175000
3591;665000;5175000
3592;669000;5175000
3593;673000;5175000
3594;677000;5175000
3595;681000;5175000
3596;685000;5175000
3597;689000;5175000
3598;693000;5175000
3599;697000;5175000
